1	amt	fiitax_se	tfica_se	totfedtax_se	fiitax_wage	tfica_wage	totfedtax_wage	fiitax_qbi	tfica_qbi	totfedtax_qbi
2	0	0	0	0	0	0	0	0	0	0
3	100	-7.1100001	14.13	7.02	-7.6500001	7.6500001	0	-7.1100001	14.13	7.02
4	200	-14.22	28.26	14.04	-15.3	15.3	0	-14.22	28.26	14.04
5	300	-21.33	42.389999	21.059999	-22.950001	22.950001	0	-21.33	42.389999	21.059